id,location,depth,temperature,salinity
1,手前,0.1505714394823392,28.047871448015567,27.844332426420664
1,手前,0.45119171836354127,28.583254503857937,32.69928438497931
1,手前,0.7512671154321136,28.59679031599367,33.03809562333988
1,手前,1.0513044714408784,28.631984702423185,33.06256342084295
1,手前,1.3513395853312613,28.646033466476418,33.07710420703203
1,手前,1.6513737945660232,28.638936820016212,33.070902687223544
1,手前,1.9514083281524253,28.634510641886575,33.06619527669933
1,手前,2.251444779771541,28.638728684905324,33.050507935196784
1,手前,2.5514835660831667,28.63765108449299,33.04349165383193
1,手前,2.8515223437184702,28.628001730712203,33.04296861686097
1,手前,3.1515590433133203,28.621867604138952,33.05249759602163
1,手前,3.451594764194867,28.624135034898476,33.04723388464056
1,手前,3.751631221704787,28.626823341558943,33.0450791921575
1,手前,4.051666916566714,28.625809754965672,33.05197049683204
1,手前,4.351701848597624,28.62592373970778,33.04868847441516
1,手前,4.651736201442891,28.622079709994992,33.05267343800259
1,手前,4.951769469701783,28.615006104936473,33.05082209273046
1,手前,5.251801276616258,28.610223011054433,33.05781186306004
1,手前,5.551831774619192,28.605974858319783,33.05581781819861
1,手前,5.851862396926401,28.602954914055864,33.050585791597655
1,手前,6.151892884953461,28.59755812333385,33.050433205999894
1,手前,6.4519228623621,28.591722875148463,33.04737989743731
1,手前,6.75195274769029,28.585126501017697,33.042907387286405
1,手前,7.051981261122292,28.58043909180332,33.05196183468737
1,手前,7.352008073403919,28.577018502373175,33.05186666630402
1,手前,7.652033338602541,28.57390056748135,33.06021218019835
1,手前,7.95205711810981,28.571684304094735,33.06008816637633
1,手前,8.252080458886066,28.571888469973537,33.06039619594884
1,手前,8.552102862183691,28.56884282082238,33.06443120337366
1,手前,8.852124392126965,28.566448770149847,33.06301970616534
1,手前,9.152145057942992,28.563529394977586,33.0670265588989
1,手前,9.452164007633357,28.5583688976597,33.072128941816146
1,手前,9.752182428199967,28.551842836390183,33.063793692637965
1,手前,10.052201180485053,28.548859964332056,33.0620445931459
1,手前,10.352218565872729,28.539745555188716,33.06797872345815
1,手前,10.652234153001816,28.53402018528627,33.06894079596594
1,手前,10.952248420731284,28.529000579462892,33.07232637158948
1,手前,11.252261983841876,28.52278695482008,33.06750097456412
1,手前,11.55227580720102,28.518475054999232,33.062448035553054
1,手前,11.852289910389462,28.516260817149423,33.059195572909076
1,手前,12.152303374297505,28.507963662472143,33.060733284975434
1,手前,12.452316529546287,28.50069553255625,33.05227269815227
1,手前,12.75232843053712,28.473695554146584,33.05420886998547
1,手前,13.075779632833513,28.471209812100064,33.053407995260315
2,手前,0.15003692988469303,26.239316176915263,31.9111319027821
2,手前,0.4501635452229893,28.08634896018846,32.1217790200661
2,手前,0.7502639958300108,28.438655807598213,33.10693611394
2,手前,1.050275121959276,28.57098308490597,33.13892198505382
2,手前,1.35029533031724,28.624366167644354,33.102949254271095
2,手前,1.6503225107049395,28.62383512842581,33.09596068015511
2,手前,1.950349190452447,28.60476816307273,33.09598250771515
2,手前,2.250377221124705,28.607990016427777,33.07385141249343
2,手前,2.550407502627299,28.608386226499405,33.07424793570487
2,手前,2.850438069028622,28.6065205009393,33.06771134645846
2,手前,3.1504673155328713,28.596463819592408,33.07807646971924
2,手前,3.450495091810304,28.602530518666885,33.07637997619048
2,手前,3.7505235872660543,28.604815296078243,33.072303787320784
2,手前,4.050551663020046,28.60342125017769,33.07766324441618
2,手前,4.350578228904775,28.59944598928657,33.08072751976589
2,手前,4.650604441213929,28.593383233724225,33.07355662380763
2,手前,4.950630559837465,28.588292593490436,33.07377605805706
2,手前,5.250655265781018,28.582482017397115,33.07867570920608
2,手前,5.550678337896241,28.57430475057783,33.07954858828279
2,手前,5.850700567021614,28.56721834895268,33.076719643755794
2,手前,6.150722465501835,28.5617812605542,33.07414838715029
2,手前,6.450742999073575,28.554492926764063,33.08060955094581
2,手前,6.75076128406639,28.546801719081778,33.0850642877748
2,手前,7.050778644400104,28.545569529705073,33.082173781979684
2,手前,7.350795607828162,28.54225184483144,33.083758580793585
2,手前,7.650811842673978,28.543138179105327,33.08480291208353
2,手前,7.9508278613150605,28.544832943974058,33.08393641940193
2,手前,8.250843768886428,28.543908234008633,33.08323463677387
2,手前,8.550858685164055,28.54159103572934,33.08859288897191
2,手前,8.850872495569252,28.539664158456148,33.08849134592984
2,手前,9.150884596117429,28.53378427059836,33.09776673876345
2,手前,9.450894831083623,28.528203386674456,33.097478040251794
2,手前,9.75090484543185,28.52305293055212,33.09215792863551
2,手前,10.05091436497048,28.516019805761506,33.093720558498994
2,手前,10.350922177033874,28.50413565920885,33.096450877402994
2,手前,10.65092782512336,28.496484085577677,33.10188350146232
2,手前,10.950932147064016,28.489081237168342,33.09897883341732
2,手前,11.250935448533255,28.480434584484243,33.10120587471827
2,手前,11.550937464275153,28.47470470012861,33.10143882702748
2,手前,11.850939986258236,28.474231419880233,33.09099154083297
2,手前,12.15094426234644,28.465270359331416,33.07849820473998
2,手前,12.450947822600725,28.449774996415897,33.08388222489975
2,手前,12.750948315729264,28.4255826199125,33.08605872743892
2,手前,13.105813311017732,28.421226487496625,33.07582983204433
3,手前,0.1501674706770785,27.064743543119764,31.07506685946508
3,手前,0.45063229333317145,28.20660985110623,30.29059627907845
3,手前,0.7509548395699421,28.478969283398317,32.99629789536939
3,手前,1.0509825582496768,28.582929035395217,33.120316140262744
3,手前,1.3510014728973745,28.603223252423582,33.12758212737145
3,手前,1.6510239584598074,28.614525701738728,33.09887610340203
3,手前,1.9510546255428745,28.63277492079802,33.063446602833906
3,手前,2.2510900936404696,28.627313001856717,33.058040597673745
3,手前,2.551124821240313,28.624790198950176,33.06374579448648
3,手前,2.8511591389331277,28.630571180828422,33.060273464884816
3,手前,3.151193085621611,28.627409875643,33.06534590613114
3,手前,3.4512262722142775,28.631027412030047,33.06445269442389
3,手前,3.7512601424021264,28.635271692205617,33.059683515191516
3,手前,4.051294020487609,28.632802374684225,33.06224700915899
3,手前,4.351326362211936,28.6258317959978,33.06656056685502
3,手前,4.651357100406746,28.61743084618003,33.06713204351408
3,手前,4.951387054086882,28.61272095180901,33.06501171521037
3,手前,5.251416333425422,28.60726519996367,33.06587649815464
3,手前,5.551444985888843,28.59881983714198,33.06168883585841
3,手前,5.851472759981833,28.59122365320841,33.06389662520693
3,手前,6.151498408982453,28.58403153454023,33.07156360531368
3,手前,6.4515227233190595,28.578336862632572,33.067438676741
3,手前,6.751547244488852,28.5750309493101,33.062832111685495
3,手前,7.0515711689768175,28.572731569771268,33.06748057559872
3,手前,7.351594233771005,28.57220823913873,33.06647787329478
3,手前,7.651616383506949,28.568674848136563,33.07108790815206
3,手前,7.9516371235388,28.569144377765355,33.07500525487835
3,手前,8.251656537987506,28.56743749296419,33.07965281433402
3,手前,8.551674601273122,28.56457389797445,33.082342158672596
3,手前,8.851692375675501,28.561485982251902,33.07675286016229
3,手前,9.151709300103796,28.55444528332992,33.0827006405437
3,手前,9.451724969497352,28.546982314672046,33.07886875843789
3,手前,9.751739659031877,28.53924229824642,33.08201626391832
3,手前,10.051752763319953,28.533620929501225,33.08448085085935
3,手前,10.351764372392903,28.528730138706464,33.08806003053462
3,手前,10.651774916660084,28.522112729294115,33.086186637194395
3,手前,10.951785963777512,28.51965092520601,33.07661477535814
3,手前,11.251796537570987,28.510323988608533,33.082407835717234
3,手前,11.551805454840682,28.50660324016003,33.08301396945305
3,手前,11.851813785336368,28.50639120403483,33.08309542693673
3,手前,12.15182250541604,28.50278815984808,33.07490024016674
3,手前,12.451833081024034,28.49375753639421,33.05783275284055
3,手前,12.75184226849344,28.46832485814755,33.06950582310558
3,手前,13.0966420220252,28.464122503066815,33.0660860555293
4,手前,0.1508090013791549,26.893597899052313,25.22382522053991
4,手前,0.4518945082655394,28.24203046217568,30.49504036924908
4,手前,0.7521832297361539,28.453309790107944,33.10241883903641
4,手前,1.052199028013847,28.595751444974876,33.11706126753341
4,手前,1.3522211746767867,28.623918773415753,33.1166225998696
4,手前,1.6522442792266314,28.609587547565205,33.111529015812266
4,手前,1.9522703749474868,28.613412296545658,33.081981551223244
4,手前,2.252302155846345,28.622517495750117,33.06273877366005
4,手前,2.552335783558429,28.626466351689764,33.068048401111135
4,手前,2.852368424243838,28.62794583333531,33.071156082389905
4,手前,3.152401521046435,28.62988126418888,33.06249786796533
4,手前,3.4524351588387754,28.63111431752353,33.06472799096024
4,手前,3.7524684701041577,28.63327625245964,33.064035026838155
4,手前,4.052502255960366,28.633463469975933,33.05854260188993
4,手前,4.352535521962538,28.630358343735793,33.064556031938075
4,手前,4.652567532225338,28.6234154967456,33.062608693636456
4,手前,4.952598630587621,28.618035335174262,33.06450710893447
4,手前,5.252628873533731,28.61161706833913,33.062278469463465
4,手前,5.552658455484552,28.602774716817308,33.06089688950036
4,手前,5.85268685953354,28.59493288179795,33.06273214117184
4,手前,6.1527142310846825,28.58860211462024,33.06113423788838
4,手前,6.452739987967902,28.581608002520746,33.068620608121684
4,手前,6.752764744169483,28.580656906029205,33.06381340699222
4,手前,7.052790135746169,28.580060754140547,33.05926904373009
4,手前,7.352815094263249,28.577900021612763,33.063619525527336
4,手前,7.6528386706008815,28.575103524785384,33.066717023086404
4,手前,7.952861160803272,28.571897135928168,33.06792528805075
4,手前,8.252882538493273,28.57202251161041,33.07254215973635
4,手前,8.55290247107081,28.5713277917643,33.07786667521926
4,手前,8.852922023138895,28.5720126270193,33.07307556802421
4,手前,9.152940994836474,28.564171205642992,33.07708166850524
4,手前,9.452959580382998,28.5573009705142,33.06722041809256
4,手前,9.752977848435608,28.550207277941723,33.07093250955698
4,手前,10.05299462960448,28.54487047326676,33.07234685931602
4,手前,10.35300983423432,28.53413525010472,33.07527869945175
4,手前,10.65302357143432,28.522704862540888,33.07303778459451
4,手前,10.953035723190707,28.513123075475857,33.07754664009394
4,手前,11.253046462531543,28.50926514884434,33.077051668771055
4,手前,11.553056198647097,28.50275617969806,33.079195589761426
4,手前,11.853063788724546,28.486910934324893,33.08382093537941
4,手前,12.153069842543786,28.47776570973019,33.0792847944627
4,手前,12.453075809459367,28.472153731244717,33.0752450146935
4,手前,12.753081127674031,28.45570614223783,33.07261328173803
4,手前,13.202500076896042,28.45269631955424,33.069596629005375
5,手前,0.1505515215941662,26.549016447569215,27.395460389006427
5,手前,0.4513005757310858,27.990955085264,31.115237706877735
5,手前,0.7515282696075724,28.41900471086753,32.916310959759365
5,手前,1.0515573590697564,28.554479839627287,33.15519673226717
5,手前,1.3515686695608802,28.579931641066455,33.144922829066225
5,手前,1.6515848521185512,28.582463001953915,33.120367737700924
5,手前,1.9516069597743848,28.598411941221553,33.09638667889808
5,手前,2.2516330694965,28.603953067293087,33.09058735051294
5,手前,2.5516610904124377,28.612486994072786,33.082315725948256
5,手前,2.851690600802568,28.614534539301477,33.078808904013805
5,手前,3.1517202380218015,28.616696927928977,33.08009910436394
5,手前,3.451750428891293,28.61954830021789,33.07307484864264
5,手前,3.7517810874915862,28.621381594028875,33.07499989835896
5,手前,4.051811644172935,28.61953903855016,33.07108225738319
5,手前,4.351841618964875,28.616972405110708,33.075429781453
5,手前,4.6518708746092114,28.61600310036112,33.07313968095529
5,手前,4.951899979287949,28.610344856929828,33.07097994010349
5,手前,5.251928677920649,28.607204778697355,33.07005102651784
5,手前,5.551957005131798,28.601936263398112,33.067748680811135
5,手前,5.851984227073481,28.595571081446117,33.07206031775289
5,手前,6.152010394158656,28.58745037496399,33.0680515387621
5,手前,6.452036106679779,28.579603993870563,33.066272163003354
5,手前,6.752060552681364,28.573477434067968,33.0705003431536
5,手前,7.052083757933567,28.570838684185475,33.070769489448395
5,手前,7.352104862563603,28.56635727184613,33.08351544833655
5,手前,7.6521245914398275,28.5664970650402,33.078429322035525
5,手前,7.95214426569049,28.56677448243181,33.081281032695415
5,手前,8.252162952316606,28.566238581692403,33.08435870957685
5,手前,8.552180928226383,28.566584202275457,33.084729551426385
5,手前,8.852197857918707,28.565306823015813,33.090524643695794
5,手前,9.152214151112364,28.56072181906933,33.08502066023009
5,手前,9.452229709532546,28.55054872999585,33.087811091464204
5,手前,9.752244520571557,28.54521925678162,33.0820961670867
5,手前,10.052258979739335,28.540908500586184,33.0838682769526
5,手前,10.352271998814098,28.534112774625857,33.08737934857435
5,手前,10.652283417395962,28.519055757179306,33.08590334990761
5,手前,10.952293620752418,28.510680543927744,33.08523148234896
5,手前,11.252302877525056,28.505646047445826,33.08570697556003
5,手前,11.55231159584906,28.503342352144863,33.08399118948236
5,手前,11.852319843902084,28.505062658786542,33.08680349920717
5,手前,12.152328140977978,28.504078252380747,33.08095620932052
5,手前,12.452337505664731,28.495375368926755,33.069973630361076
5,手前,12.752345424939424,28.46690828353296,33.07489747500308
5,手前,13.14730098047282,28.469829600270497,33.07116532372734
6,手前,0.15072400483135237,26.78602498620325,25.941841748953063
6,手前,0.4517591838381724,28.231240720163427,30.1860639756933
6,手前,0.7521001895884798,28.439179243684,32.93106370628671
6,手前,1.0521291106049553,28.54261364533938,33.14364220550678
6,手前,1.3521398332926633,28.56207306060918,33.14685486420868
6,手前,1.652154043779019,28.572573324317336,33.122226736773754
6,手前,1.9521739921862835,28.59096670431799,33.10457610091438
6,手前,2.2521994333527484,28.608301451324888,33.08516956204174
6,手前,2.5522285253443058,28.617173547551836,33.08005013532258
6,手前,2.852259295158039,28.6243836489641,33.07409606718215
6,手前,3.152290912882774,28.628047525155655,33.07421833514875
6,手前,3.4523226617655807,28.629480954598083,33.07222989869545
6,手前,3.752355272342994,28.633564872217416,33.06591275072919
6,手前,4.052388464109821,28.63476980620871,33.066367540786835
6,手前,4.3524214586171395,28.63413248037467,33.065037702049835
6,手前,4.6524538987934205,28.62970811019478,33.06626076519548
6,手前,4.952485191356575,28.625096744344027,33.06856731714401
6,手前,5.252515803734788,28.62045054914566,33.06545520175137
6,手前,5.552546033163983,28.613276158206165,33.06394318722577
6,手前,5.8525750808824135,28.608869306094356,33.06817912283727
6,手前,6.152603243850814,28.602246777989333,33.06421723142868
6,手前,6.452630600130765,28.59258783255733,33.065443821986605
6,手前,6.752656967369984,28.58622729252167,33.06325124985603
6,手前,7.052681870407183,28.57783638250961,33.06934327835835
6,手前,7.352705965923795,28.576964863721212,33.0636020996012
6,手前,7.652730441887166,28.576497352619892,33.0623944645422
6,手前,7.952754558528051,28.574752992753233,33.06297852141409
6,手前,8.25277684032299,28.572911174505847,33.07454781983598
6,手前,8.552796694007585,28.570064832554937,33.08002858672503
6,手前,8.852814951959473,28.564765221656913,33.08253598171189
6,手前,9.152831519387044,28.555408351361592,33.086025071005594
6,手前,9.452848031733083,28.551929139252817,33.07450120480242
6,手前,9.752864557550756,28.546710539464208,33.079181742443744
6,手前,10.052879706961225,28.541837649017836,33.0796505463834
6,手前,10.352894009339538,28.538276552486245,33.08025717258054
6,手前,10.652907707393377,28.53107618606617,33.07750690298903
6,手前,10.952921249941042,28.52571959162144,33.073258519639964
6,手前,11.252933736409164,28.51662209277506,33.07784482676196
6,手前,11.552944383238456,28.511500591328904,33.08080483694385
6,手前,11.852954285688956,28.51054369213486,33.07902249312907
6,手前,12.1529653231732,28.509581650136333,33.06676120568923
6,手前,12.452977121676872,28.492585162994217,33.06135473273137
6,手前,12.752985789656645,28.466498987828412,33.0733955770511
6,手前,13.151229939818938,28.468344085818423,33.06671481900438
7,先端,0.15065531747221442,27.227114618241796,26.740861599137883
7,先端,0.45165772113805497,28.53469871916259,29.994109328243436
7,先端,0.7520318978684282,28.599574429575565,33.02505336739843
7,先端,1.0520578038610553,28.60497115267376,33.175041009857466
7,先端,1.3520668571492624,28.599274543507924,33.17480917940135
7,先端,1.6520748267759058,28.57545953239624,33.169019211030864
7,先端,1.9520857012785204,28.591252351131025,33.142040891308106
7,先端,2.252105098053559,28.60484271067995,33.101712371065254
7,先端,2.55213024769883,28.595112020499425,33.08865863516635
7,先端,2.8521548415579026,28.586685944898537,33.095880987276324
7,先端,3.152178174287722,28.582217672009097,33.09152997419825
7,先端,3.452200496754933,28.57524111227783,33.097113818360086
7,先端,3.7522221422876143,28.569672109876844,33.08925892133053
7,先端,4.0522432796598435,28.561589398198223,33.09282891444538
7,先端,4.352263767710465,28.556974021574348,33.086672285358944
7,先端,4.652284690365914,28.551433661467495,33.08152870209831
7,先端,4.952306060355144,28.547932296510893,33.075744892248224
7,先端,5.252326964371889,28.543793756256452,33.07949616140179
7,先端,5.5523464877387,28.53881499340377,33.08135905525028
7,先端,5.852365177715713,28.534876404456416,33.08023636177426
7,先端,6.152383149083225,28.533596023596857,33.08267760293717
7,先端,6.452399662435539,28.53198470460936,33.08927770157255
7,先端,6.752415242986187,28.529393566599264,33.08638335488836
7,先端,7.052430684095362,28.530094386695055,33.08680214553695
7,先端,7.35244566424937,28.52749673425299,33.08682013092021
7,先端,7.652459026266288,28.523920205319584,33.09585925389896
7,先端,7.9524711263225,28.52273803539551,33.09326735540868
7,先端,8.252482768787003,28.51989420580038,33.09533407732881
7,先端,8.552493504993855,28.514637651506614,33.09502761593472
7,先端,8.852502013804871,28.51111430830406,33.10877623566781
7,先端,9.152508468048184,28.504731154112616,33.10641033561981
7,先端,9.452513242204711,28.49441013035157,33.11379078679914
7,先端,9.752514689365732,28.48246785674923,33.12392798646138
7,先端,10.052514376867784,28.469997411637845,33.11615986755169
7,先端,10.352515392739658,28.456594405500088,33.09766251807236
7,先端,10.65251836776882,28.445626428034803,33.084835209609174
7,先端,10.952522305729072,28.438060300551403,33.0779232770794
7,先端,11.25252439107005,28.430780772020555,33.09223628481345
7,先端,11.55252112916221,28.429734565934567,33.119857307276796
7,先端,11.852514127875065,28.432736154214233,33.12408232757549
7,先端,12.152505114953351,28.42538405010105,33.13328484317513
7,先端,12.452497498155289,28.41722126799849,33.10173703077407
7,先端,12.752491751599388,28.39890239302867,33.10185563907452
7,先端,13.052484725983216,28.388928933206344,33.09807481719854
7,先端,13.35247614511636,28.379933121393037,33.1047686598183
7,先端,13.652466059385263,28.369669441368274,33.10040633378949
7,先端,13.952455569140213,28.35432997546561,33.0943600937787
7,先端,14.252444988120594,28.34798422543176,33.08886348744212
7,先端,14.552434773080446,28.344063837180236,33.08365517575766
7,先端,14.852424187010852,28.338470086305858,33.08516889918732
7,先端,15.152411620573483,28.3330859886925,33.09391412013824
7,先端,15.452396819046664,28.329667728399844,33.09868560402754
7,先端,15.894669189084295,28.329767143654703,33.09155896656229
8,先端,0.15055416496582,25.918364583435213,27.118789892037288
8,先端,0.4513477635435744,27.1990771386348,30.389955514841095
8,先端,0.751639965286878,28.48151891634958,32.74499192382188
8,先端,1.0516984179397508,28.63344418256463,33.11799830361427
8,先端,1.3517213926698892,28.63905462457535,33.132642920582924
8,先端,1.651746281586021,28.629562879264764,33.09602692277674
8,先端,1.9517752475191783,28.631121490211648,33.089282629779454
8,先端,2.2518076192078844,28.63735062271203,33.065650357305714
8,先端,2.5518417374887603,28.618184020369775,33.064859617485745
8,先端,2.8518733853291613,28.604689658841863,33.07081421691472
8,先端,3.1519029549454487,28.599360605101605,33.07253765032156
8,先端,3.45193135528539,28.588261264010857,33.07130290746711
8,先端,3.751958906276224,28.577731759074357,33.067848091653325
8,先端,4.051985942576107,28.57587811834677,33.067631318545914
8,先端,4.352012514942836,28.568350220896207,33.06503224388241
8,先端,4.652037722523187,28.56028091285675,33.070261310255525
8,先端,4.952061811761166,28.558686044857893,33.06802683962667
8,先端,5.252085825501861,28.55828024176879,33.0671570143323
8,先端,5.552109561739319,28.55546485474886,33.066219678137955
8,先端,5.852132404919245,28.552737834571815,33.069914616425244
8,先端,6.152153830174815,28.54761059173108,33.07272415629858
8,先端,6.452174137326706,28.546887277372743,33.0745781225575
8,先端,6.752193952900655,28.547253222171413,33.07411215298752
8,先端,7.052213208127388,28.54436961509621,33.07564392682101
8,先端,7.352231654007154,28.543899837449157,33.07706978186402
8,先端,7.652249416572646,28.54158280569385,33.07770696514294
8,先端,7.952265821066621,28.535625927969324,33.082849010437144
8,先端,8.252280864089753,28.53377609610247,33.08372171990721
8,先端,8.552294733104928,28.530530200283824,33.08835099934294
8,先端,8.852307068971763,28.528939342020298,33.092593575076165
8,先端,9.152317988344185,28.52220313685589,33.09463791243751
8,先端,9.452327696029103,28.50902007972804,33.091951694103415
8,先端,9.752336436479183,28.49755843236975,33.0897140814135
8,先端,10.052344147954903,28.4859215067426,33.0882669629718
8,先端,10.352351487306183,28.475744585351567,33.08063801593764
8,先端,10.652357959980373,28.468447811085564,33.08557425172602
8,先端,10.95236324407302,28.467777475432452,33.08502004194722
8,先端,11.252367349740249,28.46712196642298,33.0927670818637
8,先端,11.552369420605798,28.46581779087728,33.099700734333695
8,先端,11.852368976537065,28.459483638031134,33.109319763847886
8,先端,12.152367254626247,28.45629860607223,33.10421483650911
8,先端,12.452365572236673,28.449223716163687,33.10156613054124
8,先端,12.752363576784273,28.43668771541205,33.09557395295919
8,先端,13.0523617015107,28.426221899346167,33.087517858776515
8,先端,13.35235871756156,28.406271037082917,33.089434240093695
8,先端,13.652353539473555,28.386569029490133,33.08719363301331
8,先端,13.952348701896637,28.376725585185874,33.07054493357165
8,先端,14.252343512142382,28.366035841967054,33.078519492994914
8,先端,14.55233597943049,28.35679933369775,33.080186818692724
8,先端,14.852327215788678,28.352483757771633,33.080859374644916
8,先端,15.152317341098035,28.346888877934948,33.083028021785516
8,先端,15.452305696317046,28.34390279867647,33.090255574097476
8,先端,15.752292275282969,28.338522163243702,33.0925739383303
8,先端,15.972268636082942,28.337416486519142,33.0876608847712
9,先端,0.1505345854649348,26.445101548288847,27.507222286026344
9,先端,0.4511544935179117,28.140134863517712,32.1863638034629
9,先端,0.7512765427224498,28.4791636463119,32.88822312031108
9,先端,1.0513120513844312,28.576196947749825,33.15737590793091
9,先端,1.3513245733715882,28.621400565732067,33.15595770729637
9,先端,1.651342995599569,28.60807077238382,33.114935672931544
9,先端,1.951369165149388,28.609326051300627,33.07750423355964
9,先端,2.251399197705787,28.607281942195375,33.07665154635157
9,先端,2.5514284704185872,28.6018531249137,33.07820498513379
9,先端,2.851457544779064,28.596986419771415,33.07102437357865
9,先端,3.151487062723127,28.59400703748058,33.06783150369657
9,先端,3.4515159300509404,28.588364376913113,33.070232142911145
9,先端,3.75154436587876,28.581542988445385,33.06336951483815
9,先端,4.051572566519723,28.573594081994603,33.06298066688427
9,先端,4.351599559618092,28.56776035788749,33.06536770388506
9,先端,4.651625131967975,28.56445766363844,33.06894772106654
9,先端,4.951649944833952,28.5631296475292,33.067312927358344
9,先端,5.251673816362935,28.561236893233897,33.07315940997421
9,先端,5.551696795568793,28.559058196801768,33.07070774095531
9,先端,5.851719546454082,28.555981057957332,33.07001530831957
9,先端,6.151741844408471,28.55343815164325,33.06944078584972
9,先端,6.4517635800619635,28.550143488987647,33.069644932101646
9,先端,6.751784479202047,28.547796257597884,33.07164248667898
9,先端,7.0518037841440515,28.54312443719733,33.07811381882142
9,先端,7.351821653072228,28.540701515915934,33.078644193107074
9,先端,7.6518389574913614,28.539106363127797,33.078560706815324
9,先端,7.951855932705652,28.535920290062315,33.07662364038192
9,先端,8.25187194761725,28.534948719717953,33.08253538607339
9,先端,8.551886625884789,28.53257827411278,33.08436776481962
9,先端,8.851899471179777,28.529463252251396,33.09384182214519
9,先端,9.151910146603116,28.519089847841393,33.095226909038914
9,先端,9.451918875986056,28.50650533420358,33.09852900932525
9,先端,9.751926892600135,28.500941227562183,33.090837639932715
9,先端,10.051936819034148,28.495124925948733,33.07332262755431
9,先端,10.351946472297938,28.488785249526945,33.085086005377086
9,先端,10.65195279638157,28.48193884091049,33.09483021827152
9,先端,10.95195722513904,28.4793555838386,33.09523581158052
9,先端,11.251960213652826,28.471648842455213,33.10047837522758
9,先端,11.551961785535624,28.46984469899359,33.10101068651517
9,先端,11.851963112326148,28.462727143289943,33.09588897946883
9,先端,12.151964233201564,28.452916779241576,33.092567871588756
9,先端,12.451965138203846,28.445405486783997,33.08736573827681
9,先端,12.751966567964695,28.435087658737537,33.07710958501745
9,先端,13.051967022225403,28.42134520594285,33.08279091683266
9,先端,13.3519646490735,28.40705469585948,33.087594330597206
9,先端,13.65196021989058,28.3955911007485,33.08727975620723
9,先端,13.951955771774868,28.384886133800208,33.07518113084446
9,先端,14.2519520598119,28.3793491150951,33.07060775942746
9,先端,14.551947295486531,28.37486425636227,33.077438965444145
9,先端,14.851940337233344,28.364566519037503,33.08114043857343
9,先端,15.151932338154428,28.3622317970952,33.07845502506483
9,先端,15.451925569393929,28.349355717866334,33.06044285444986
9,先端,15.751916751918053,28.318476597894065,33.07505114281924
9,先端,16.12202657864329,28.310457194871624,33.07576957051854
10,先端,0.15034942360070966,26.24849806264823,29.09513340427672
10,先端,0.4509239955186468,27.98426861259461,30.851669295241223
10,先端,0.7511654993438379,28.485171285377543,33.07686547958734
10,先端,1.0511723651095952,28.556976365217185,33.22164593174082
10,先端,1.351175055046813,28.609163959031115,33.166096329607754
10,先端,1.6511929522614284,28.643211876524067,33.118650547534095
10,先端,1.9512195303343,28.623954536887236,33.09095871826641
10,先端,2.251249294434323,28.61812896092964,33.07584693925196
10,先端,2.551278964603069,28.604099314856224,33.08019180702557
10,先端,2.851306646141808,28.590625059729348,33.07890819543194
10,先端,3.1513329332180264,28.57933324883792,33.079069086118594
10,先端,3.4513578960851823,28.57327049784224,33.08039815236641
10,先端,3.75138308849817,28.569090151811896,33.06958814330252
10,先端,4.051408810480061,28.56578541113807,33.06940548266222
10,先端,4.351433856403804,28.560997286364735,33.06926068827046
10,先端,4.651458005351647,28.560346926272363,33.07224365057881
10,先端,4.9514809758041505,28.557331621689308,33.075427870834666
10,先端,5.25150306063041,28.554177919529497,33.074659379768576
10,先端,5.551524619191355,28.552283870745285,33.07507648756934
10,先端,5.851545618299248,28.5497540943954,33.074882233942965
10,先端,6.15156604436922,28.5483558114969,33.07563966467904
10,先端,6.4515857284746625,28.54645404877316,33.07725210293259
10,先端,6.751604668256834,28.542870712088487,33.07707442184913
10,先端,7.05162247769294,28.539259284744663,33.08143863747023
10,先端,7.35163896283844,28.535325562952703,33.08286634370667
10,先端,7.651654136938648,28.532037862164355,33.087252462846195
10,先端,7.951668082077054,28.528685169688764,33.08819049873966
10,先端,8.251681377655121,28.527779225833335,33.08836573196503
10,先端,8.551693668350017,28.527032844367444,33.09366628333171
10,先端,8.851704311691954,28.521454174548243,33.0976220957325
10,先端,9.15171341052501,28.51303417167663,33.098632648586936
10,先端,9.451721672199122,28.502251713096108,33.09389929876379
10,先端,9.751729697443213,28.496542455570793,33.09065008578104
10,先端,10.051736678476358,28.489646111006177,33.09494194716624
10,先端,10.351742395957055,28.48553814322852,33.09438234612362
10,先端,10.651746445840706,28.48519788725658,33.10520485977075
10,先端,10.951747716003895,28.479693791095404,33.114118921
10,先端,11.25174807420328,28.471526612530138,33.1045846762609
10,先端,11.551748319000174,28.463981453301137,33.10536669704245
10,先端,11.851748300546577,28.454293271857892,33.09652797511143
10,先端,12.151747037846256,28.43559891590582,33.10133607025875
10,先端,12.451744956179557,28.424772721683517,33.08814746675217
10,先端,12.75174304830056,28.41617218768603,33.08836568224675
10,先端,13.051739358661306,28.40553494528629,33.09299228514035
10,先端,13.351732375797909,28.392682072450583,33.10506081446782
10,先端,13.651724325823295,28.384201583652953,33.09044709260154
10,先端,13.951717810856096,28.381354829034027,33.083289657460114
10,先端,14.251712912212072,28.379088298908755,33.070649869471985
10,先端,14.551707734678452,28.37349490811991,33.079477862115716
10,先端,14.851700964522166,28.368750504632544,33.07766881048585
10,先端,15.151693877642492,28.361787495640705,33.07433227505738
10,先端,15.451684926926808,28.321874866399508,33.071226865085016
10,先端,15.88577152147712,28.312436603846752,33.081203630123085
11,先端,0.15039157589561203,25.94131297116249,28.588119200553233
11,先端,0.4510490025758872,27.720521173361625,30.38555929097857
11,先端,0.7513353652496924,28.54204325909028,33.055367153656704
11,先端,1.051362507799761,28.647816617859785,33.129783256881154
11,先端,1.3513897923967777,28.667122180295877,33.105994643100594
11,先端,1.6514218291381748,28.637590080387792,33.07929473914926
11,先端,1.9514555120212085,28.621250454924724,33.068028457491245
11,先端,2.251491076043951,28.627792899306232,33.05502843781714
11,先端,2.5515262320582073,28.620197654123036,33.06835340908681
11,先端,2.8515582753344932,28.607902182387775,33.07161654911673
11,先端,3.1515881451341743,28.59525409021258,33.07421219168415
11,先端,3.4516170386255687,28.590733404923014,33.070030631851985
11,先端,3.751645994003544,28.58298879753364,33.065363669793726
11,先端,4.051674254363978,28.574808149886177,33.06644199565973
11,先端,4.35170222507221,28.57028460726372,33.05951178016818
11,先端,4.65172965246318,28.566122365696984,33.06465087955827
11,先端,4.951755821553114,28.564674955871624,33.06555074893425
11,先端,5.251781859334539,28.565497599861075,33.062655066121366
11,先端,5.5518076234980915,28.562561793392128,33.06419341028909
11,先端,5.851832691963255,28.560967082727412,33.06406597841184
11,先端,6.151857295222069,28.56002967242247,33.0643897668195
11,先端,6.451881327414622,28.556066043968123,33.06418486128424
11,先端,6.751904503603417,28.553489362925955,33.066374415305084
11,先端,7.051926157027962,28.547680788858,33.0714074731699
11,先端,7.351946028437057,28.543883403612497,33.07541348703784
11,先端,7.651964521732067,28.53982997773835,33.07755325639584
11,先端,7.951981957429218,28.537679061651364,33.079374172696674
11,先端,8.251998397913335,28.53602820189777,33.082000190861145
11,先端,8.55201389996114,28.53535586553582,33.08395362214732
11,先端,8.852027936207605,28.531931299865995,33.09058509471215
11,先端,9.152040503916602,28.522161068951505,33.088581766073375
11,先端,9.452052641003894,28.503106789097327,33.078965156031835
11,先端,9.75206537692247,28.49603581937378,33.06881118950165
11,先端,10.05207648257865,28.491222383898275,33.08563676676066
11,先端,10.352084419892195,28.48736495641661,33.09083429910543
11,先端,10.652090673282284,28.490057910462575,33.097483385272405
11,先端,10.952096620067934,28.491034349875864,33.09230642295186
11,先端,11.252103002118242,28.483316494901786,33.08767671052993
11,先端,11.552108644874464,28.47265796824609,33.08806312398878
11,先端,11.852112374048218,28.459918357398283,33.09188764831451
11,先端,12.152115054319504,28.446856912662632,33.083386807191786
11,先端,12.452117559254296,28.43661011503323,33.080382745150935
11,先端,12.752117494016137,28.42140552784562,33.092662926644955
11,先端,13.05211515171444,28.40909632752794,33.08610372288593
11,先端,13.352113341001775,28.398673311614996,33.07500911843112
11,先端,13.652111811004694,28.385825516001507,33.0704926068726
11,先端,13.952108572373817,28.374563428666526,33.07707111032829
11,先端,14.252104049853298,28.370586119668268,33.07257426221294
11,先端,14.552099473851888,28.369446590523744,33.072412226523376
11,先端,14.85209407308567,28.3663585996494,33.075296137349454
11,先端,15.152087899339184,28.360662050319515,33.07267794224767
11,先端,15.452080219701608,28.34820777105436,33.07812455142368
11,先端,15.752071052404691,28.330237126485557,33.06999433183871
11,先端,15.915060634628436,28.33124317773079,33.07143049036017
12,先端,0.15050253730424293,26.48598726185771,27.812924512309415
12,先端,0.4511895839786083,28.124860622557517,31.279083068518936
12,先端,0.7514079681730372,28.499928533010195,32.92488161793881
12,先端,1.051438849816585,28.595409477903846,33.178983297310815
12,先端,1.3514470713945217,28.600337451558563,33.17135569536675
12,先端,1.6514583344549114,28.598860184909192,33.15000561646638
12,先端,1.9514757216564236,28.608308938923436,33.11640904873813
12,先端,2.25150127959509,28.61738042830698,33.08112815950602
12,先端,2.5515307050877514,28.610440867257708,33.07936398143027
12,先端,2.8515587937529197,28.600163971795197,33.08278847652737
12,先端,3.15158545343619,28.591558047027657,33.081130752536005
12,先端,3.451612108465228,28.585464218162965,33.07347584364593
12,先端,3.751638912813191,28.57767675516201,33.07078194180149
12,先端,4.051665061987504,28.573588157303817,33.071300440393635
12,先端,4.351690029316045,28.56864031039455,33.074626380427254
12,先端,4.65171420659404,28.564909684823597,33.071749708228445
12,先端,4.951738587664009,28.563749453002902,33.06772386224004
12,先端,5.251762547325748,28.561327880016513,33.07108919656672
12,先端,5.551785265735631,28.557472915477685,33.07331671091073
12,先端,5.851806992603137,28.55515434276371,33.07446325944293
12,先端,6.15182854896389,28.553793218154063,33.07033874306651
12,先端,6.451849456590791,28.550455242928056,33.07537508764875
12,先端,6.751869440208007,28.547264081121902,33.07294530785557
12,先端,7.051888790850408,28.545235660044273,33.07591641054393
12,先端,7.351906779381298,28.541168263295067,33.079714277932936
12,先端,7.651923116549696,28.536909250070156,33.0843317961878
12,先端,7.951938279097325,28.534962484410663,33.08473558920136
12,先端,8.25195312412096,28.53154284975191,33.08194941360689
12,先端,8.55196713737767,28.530324943826695,33.08733501175675
12,先端,8.851980024270645,28.529206785599857,33.0882273831758
12,先端,9.151991773667142,28.525167025884084,33.092479076835886
12,先端,9.45200239605261,28.5221100140278,33.09242799559009
12,先端,9.75201168351084,28.516535833532433,33.09789383051877
12,先端,10.05202065682481,28.500819469326235,33.08304954419377
12,先端,10.35202850788474,28.485836689661735,33.091729449741315
12,先端,10.652034052521252,28.482013617163936,33.092826046406955
12,先端,10.952038384688896,28.481839876165136,33.098063142028
12,先端,11.252041037236353,28.481172662358425,33.10477538336742
12,先端,11.552042595580366,28.480839190447227,33.10463467205403
12,先端,11.852043510503986,28.475961602131612,33.105418924819915
12,先端,12.15204427862929,28.46656808189929,33.096814992046745
12,先端,12.452045205586677,28.45258543451266,33.09085019345318
12,先端,12.752046427072598,28.440833559616483,33.07998827548987
12,先端,13.052046032442304,28.428790605413948,33.09219787400286
12,先端,13.352041880451685,28.41593019090694,33.10026930261587
12,先端,13.652036437798944,28.401649652487105,33.08914006374758
12,先端,13.95203108660392,28.389154455769145,33.08484287916765
12,先端,14.2520260016081,28.375428356599844,33.07237540973268
12,先端,14.552020580709485,28.367763091449007,33.075646437511345
12,先端,14.852013846169672,28.359448184228377,33.074405456820344
12,先端,15.15200522018031,28.350563368934836,33.08238481313583
12,先端,15.451994518125648,28.342468150536277,33.08291476685073
12,先端,15.751982273101728,28.329172304232863,33.08414058902797
12,先端,15.91994410459561,28.33027593452178,33.09395692589378
